position,chain,z_dim,z_name,lda_coef
1,A,1,Z1_hydrophil,-0.359
1,A,2,Z2_steric,1.5254
1,A,3,Z3_electronic,-1.6593
1,A,4,Z4_electro,0.363
1,A,5,Z5_proline,-3.1344
2,A,1,Z1_hydrophil,-1.2141
2,A,2,Z2_steric,-0.7357
2,A,3,Z3_electronic,2.8791
2,A,4,Z4_electro,-1.5079
2,A,5,Z5_proline,15.0584
3,A,1,Z1_hydrophil,0.2654
3,A,2,Z2_steric,-1.2621
3,A,3,Z3_electronic,0.9434
3,A,4,Z4_electro,-1.0755
3,A,5,Z5_proline,2.4175
4,A,1,Z1_hydrophil,-0.1495
4,A,2,Z2_steric,-1.6843
4,A,3,Z3_electronic,-2.3223
4,A,4,Z4_electro,-2.0302
4,A,5,Z5_proline,1.445
5,A,1,Z1_hydrophil,-1.2804
5,A,2,Z2_steric,1.9434
5,A,3,Z3_electronic,-4.9467
5,A,4,Z4_electro,0.4612
5,A,5,Z5_proline,-0.4393
6,A,1,Z1_hydrophil,-1.6556
6,A,2,Z2_steric,0.3901
6,A,3,Z3_electronic,-2.5923
6,A,4,Z4_electro,1.3836
6,A,5,Z5_proline,1.302
7,A,1,Z1_hydrophil,0.7961
7,A,2,Z2_steric,-0.9405
7,A,3,Z3_electronic,1.1035
7,A,4,Z4_electro,-2.227
7,A,5,Z5_proline,0.8095
8,A,1,Z1_hydrophil,2.7042
8,A,2,Z2_steric,-0.8466
8,A,3,Z3_electronic,-1.9161
8,A,4,Z4_electro,-4.8748
8,A,5,Z5_proline,-2.3255
9,A,1,Z1_hydrophil,-0.038
9,A,2,Z2_steric,-1.4068
9,A,3,Z3_electronic,-2.21
9,A,4,Z4_electro,-0.9309
9,A,5,Z5_proline,0.7728
10,A,1,Z1_hydrophil,7.3923
10,A,2,Z2_steric,7.0376
10,A,3,Z3_electronic,-2.1302
10,A,4,Z4_electro,2.2841
10,A,5,Z5_proline,-6.1585
11,A,1,Z1_hydrophil,-0.1392
11,A,2,Z2_steric,0.1472
11,A,3,Z3_electronic,-0.0095
11,A,4,Z4_electro,0.0875
11,A,5,Z5_proline,-2.0123
12,A,1,Z1_hydrophil,-6.5785
12,A,2,Z2_steric,-1.1452
12,A,3,Z3_electronic,-0.5796
12,A,4,Z4_electro,1.562
12,A,5,Z5_proline,3.7443
13,A,1,Z1_hydrophil,-0.4906
13,A,2,Z2_steric,0.463
13,A,3,Z3_electronic,1.3809
13,A,4,Z4_electro,-0.3962
13,A,5,Z5_proline,0.7679
14,A,1,Z1_hydrophil,0.4162
14,A,2,Z2_steric,0.9895
14,A,3,Z3_electronic,1.3748
14,A,4,Z4_electro,-0.4791
14,A,5,Z5_proline,1.2048
15,A,1,Z1_hydrophil,-2.1943
15,A,2,Z2_steric,-0.6452
15,A,3,Z3_electronic,-0.2788
15,A,4,Z4_electro,1.8953
15,A,5,Z5_proline,-0.9612
16,A,1,Z1_hydrophil,-0.5844
16,A,2,Z2_steric,-1.9528
16,A,3,Z3_electronic,-0.5297
16,A,4,Z4_electro,1.1882
16,A,5,Z5_proline,-3.4565
17,A,1,Z1_hydrophil,0.0965
17,A,2,Z2_steric,-0.944
17,A,3,Z3_electronic,-0.4264
17,A,4,Z4_electro,1.1326
17,A,5,Z5_proline,0.5191
18,A,1,Z1_hydrophil,0.9858
18,A,2,Z2_steric,-3.1885
18,A,3,Z3_electronic,-0.5031
18,A,4,Z4_electro,0.6844
18,A,5,Z5_proline,1.5437
19,A,1,Z1_hydrophil,-0.3372
19,A,2,Z2_steric,-0.1694
19,A,3,Z3_electronic,-2.0328
19,A,4,Z4_electro,-0.9628
19,A,5,Z5_proline,1.6912
20,A,1,Z1_hydrophil,0.2057
20,A,2,Z2_steric,-4.764
20,A,3,Z3_electronic,-4.418
20,A,4,Z4_electro,-0.9305
20,A,5,Z5_proline,-0.8521
21,A,1,Z1_hydrophil,0.1889
21,A,2,Z2_steric,-0.1202
21,A,3,Z3_electronic,1.3241
21,A,4,Z4_electro,0.7633
21,A,5,Z5_proline,1.3032
22,A,1,Z1_hydrophil,-0.6955
22,A,2,Z2_steric,-3.1895
22,A,3,Z3_electronic,-1.182
22,A,4,Z4_electro,2.9351
22,A,5,Z5_proline,-4.7233
23,A,1,Z1_hydrophil,1.5443
23,A,2,Z2_steric,2.2817
23,A,3,Z3_electronic,1.1157
23,A,4,Z4_electro,36.1807
23,A,5,Z5_proline,2.367
24,A,1,Z1_hydrophil,1.1271
24,A,2,Z2_steric,1.8897
24,A,3,Z3_electronic,7.7918
24,A,4,Z4_electro,4.0631
24,A,5,Z5_proline,-4.57
25,A,1,Z1_hydrophil,-0.6666
25,A,2,Z2_steric,-1.744
25,A,3,Z3_electronic,-1.7546
25,A,4,Z4_electro,-0.3659
25,A,5,Z5_proline,0.4923
26,A,1,Z1_hydrophil,0.1672
26,A,2,Z2_steric,-0.0942
26,A,3,Z3_electronic,2.2703
26,A,4,Z4_electro,1.9765
26,A,5,Z5_proline,-2.8559
27,A,1,Z1_hydrophil,0.3269
27,A,2,Z2_steric,0.0587
27,A,3,Z3_electronic,0.2071
27,A,4,Z4_electro,0.3092
27,A,5,Z5_proline,0.3997
28,A,1,Z1_hydrophil,0.745
28,A,2,Z2_steric,-0.6087
28,A,3,Z3_electronic,0.7662
28,A,4,Z4_electro,-0.872
28,A,5,Z5_proline,2.533
29,A,1,Z1_hydrophil,-0.1538
29,A,2,Z2_steric,-2.0995
29,A,3,Z3_electronic,-0.963
29,A,4,Z4_electro,-0.173
29,A,5,Z5_proline,-7.7633
30,A,1,Z1_hydrophil,0.2439
30,A,2,Z2_steric,-0.1058
30,A,3,Z3_electronic,-1.1668
30,A,4,Z4_electro,-0.3202
30,A,5,Z5_proline,0.2646
31,A,1,Z1_hydrophil,-0.356
31,A,2,Z2_steric,0.2587
31,A,3,Z3_electronic,-0.989
31,A,4,Z4_electro,-0.1222
31,A,5,Z5_proline,-0.8361
32,A,1,Z1_hydrophil,0.7955
32,A,2,Z2_steric,1.7321
32,A,3,Z3_electronic,7.723
32,A,4,Z4_electro,1.178
32,A,5,Z5_proline,-1.8497
33,A,1,Z1_hydrophil,-0.7358
33,A,2,Z2_steric,0.7855
33,A,3,Z3_electronic,-0.4627
33,A,4,Z4_electro,-0.0187
33,A,5,Z5_proline,-0.636
34,A,1,Z1_hydrophil,-1.7085
34,A,2,Z2_steric,0.9237
34,A,3,Z3_electronic,0.8584
34,A,4,Z4_electro,2.7123
34,A,5,Z5_proline,2.0763
35,A,1,Z1_hydrophil,-0.4455
35,A,2,Z2_steric,1.3298
35,A,3,Z3_electronic,-8.3001
35,A,4,Z4_electro,0.5118
35,A,5,Z5_proline,1.1817
