position	z_dim	z_name	lda_coef
1	1	Z1_hydrophil	-0.359
1	2	Z2_steric	1.5254
1	3	Z3_electronic	-1.6593
1	4	Z4_electro	0.363
1	5	Z5_proline	-3.1344
2	1	Z1_hydrophil	-1.2141
2	2	Z2_steric	-0.7357
2	3	Z3_electronic	2.8791
2	4	Z4_electro	-1.5079
2	5	Z5_proline	15.0584
3	1	Z1_hydrophil	0.2654
3	2	Z2_steric	-1.2621
3	3	Z3_electronic	0.9434
3	4	Z4_electro	-1.0755
3	5	Z5_proline	2.4175
4	1	Z1_hydrophil	-0.1495
4	2	Z2_steric	-1.6843
4	3	Z3_electronic	-2.3223
4	4	Z4_electro	-2.0302
4	5	Z5_proline	1.445
5	1	Z1_hydrophil	-1.2804
5	2	Z2_steric	1.9434
5	3	Z3_electronic	-4.9467
5	4	Z4_electro	0.4612
5	5	Z5_proline	-0.4393
6	1	Z1_hydrophil	-1.6556
6	2	Z2_steric	0.3901
6	3	Z3_electronic	-2.5923
6	4	Z4_electro	1.3836
6	5	Z5_proline	1.302
7	1	Z1_hydrophil	0.7961
7	2	Z2_steric	-0.9405
7	3	Z3_electronic	1.1035
7	4	Z4_electro	-2.227
7	5	Z5_proline	0.8095
8	1	Z1_hydrophil	2.7042
8	2	Z2_steric	-0.8466
8	3	Z3_electronic	-1.9161
8	4	Z4_electro	-4.8748
8	5	Z5_proline	-2.3255
9	1	Z1_hydrophil	-0.038
9	2	Z2_steric	-1.4068
9	3	Z3_electronic	-2.21
9	4	Z4_electro	-0.9309
9	5	Z5_proline	0.7728
10	1	Z1_hydrophil	7.3923
10	2	Z2_steric	7.0376
10	3	Z3_electronic	-2.1302
10	4	Z4_electro	2.2841
10	5	Z5_proline	-6.1585
11	1	Z1_hydrophil	-0.1392
11	2	Z2_steric	0.1472
11	3	Z3_electronic	-0.0095
11	4	Z4_electro	0.0875
11	5	Z5_proline	-2.0123
12	1	Z1_hydrophil	-6.5785
12	2	Z2_steric	-1.1452
12	3	Z3_electronic	-0.5796
12	4	Z4_electro	1.562
12	5	Z5_proline	3.7443
13	1	Z1_hydrophil	-0.4906
13	2	Z2_steric	0.463
13	3	Z3_electronic	1.3809
13	4	Z4_electro	-0.3962
13	5	Z5_proline	0.7679
14	1	Z1_hydrophil	0.4162
14	2	Z2_steric	0.9895
14	3	Z3_electronic	1.3748
14	4	Z4_electro	-0.4791
14	5	Z5_proline	1.2048
15	1	Z1_hydrophil	-2.1943
15	2	Z2_steric	-0.6452
15	3	Z3_electronic	-0.2788
15	4	Z4_electro	1.8953
15	5	Z5_proline	-0.9612
16	1	Z1_hydrophil	-0.5844
16	2	Z2_steric	-1.9528
16	3	Z3_electronic	-0.5297
16	4	Z4_electro	1.1882
16	5	Z5_proline	-3.4565
17	1	Z1_hydrophil	0.0965
17	2	Z2_steric	-0.944
17	3	Z3_electronic	-0.4264
17	4	Z4_electro	1.1326
17	5	Z5_proline	0.5191
18	1	Z1_hydrophil	0.9858
18	2	Z2_steric	-3.1885
18	3	Z3_electronic	-0.5031
18	4	Z4_electro	0.6844
18	5	Z5_proline	1.5437
19	1	Z1_hydrophil	-0.3372
19	2	Z2_steric	-0.1694
19	3	Z3_electronic	-2.0328
19	4	Z4_electro	-0.9628
19	5	Z5_proline	1.6912
20	1	Z1_hydrophil	0.2057
20	2	Z2_steric	-4.764
20	3	Z3_electronic	-4.418
20	4	Z4_electro	-0.9305
20	5	Z5_proline	-0.8521
21	1	Z1_hydrophil	0.1889
21	2	Z2_steric	-0.1202
21	3	Z3_electronic	1.3241
21	4	Z4_electro	0.7633
21	5	Z5_proline	1.3032
22	1	Z1_hydrophil	-0.6955
22	2	Z2_steric	-3.1895
22	3	Z3_electronic	-1.182
22	4	Z4_electro	2.9351
22	5	Z5_proline	-4.7233
23	1	Z1_hydrophil	1.5443
23	2	Z2_steric	2.2817
23	3	Z3_electronic	1.1157
23	4	Z4_electro	36.1807
23	5	Z5_proline	2.367
24	1	Z1_hydrophil	1.1271
24	2	Z2_steric	1.8897
24	3	Z3_electronic	7.7918
24	4	Z4_electro	4.0631
24	5	Z5_proline	-4.57
25	1	Z1_hydrophil	-0.6666
25	2	Z2_steric	-1.744
25	3	Z3_electronic	-1.7546
25	4	Z4_electro	-0.3659
25	5	Z5_proline	0.4923
26	1	Z1_hydrophil	0.1672
26	2	Z2_steric	-0.0942
26	3	Z3_electronic	2.2703
26	4	Z4_electro	1.9765
26	5	Z5_proline	-2.8559
27	1	Z1_hydrophil	0.3269
27	2	Z2_steric	0.0587
27	3	Z3_electronic	0.2071
27	4	Z4_electro	0.3092
27	5	Z5_proline	0.3997
28	1	Z1_hydrophil	0.745
28	2	Z2_steric	-0.6087
28	3	Z3_electronic	0.7662
28	4	Z4_electro	-0.872
28	5	Z5_proline	2.533
29	1	Z1_hydrophil	-0.1538
29	2	Z2_steric	-2.0995
29	3	Z3_electronic	-0.963
29	4	Z4_electro	-0.173
29	5	Z5_proline	-7.7633
30	1	Z1_hydrophil	0.2439
30	2	Z2_steric	-0.1058
30	3	Z3_electronic	-1.1668
30	4	Z4_electro	-0.3202
30	5	Z5_proline	0.2646
31	1	Z1_hydrophil	-0.356
31	2	Z2_steric	0.2587
31	3	Z3_electronic	-0.989
31	4	Z4_electro	-0.1222
31	5	Z5_proline	-0.8361
32	1	Z1_hydrophil	0.7955
32	2	Z2_steric	1.7321
32	3	Z3_electronic	7.723
32	4	Z4_electro	1.178
32	5	Z5_proline	-1.8497
33	1	Z1_hydrophil	-0.7358
33	2	Z2_steric	0.7855
33	3	Z3_electronic	-0.4627
33	4	Z4_electro	-0.0187
33	5	Z5_proline	-0.636
34	1	Z1_hydrophil	-1.7085
34	2	Z2_steric	0.9237
34	3	Z3_electronic	0.8584
34	4	Z4_electro	2.7123
34	5	Z5_proline	2.0763
35	1	Z1_hydrophil	-0.4455
35	2	Z2_steric	1.3298
35	3	Z3_electronic	-8.3001
35	4	Z4_electro	0.5118
35	5	Z5_proline	1.1817
