name	pocket
NPF8.2_Q9LFB8	ERYYSPTGIKPSYINAGFAYSQTVAAEFLSSLIAN
NPF8.1_Q9M390	ERYYGPTGIKPSYINAGFAYSQTVTAEFLSSLVAN
NPF2.10_Q944G5	EKIILTAGIRPLFFTQSYYITITMIAEAMGFYAGS
NPF7.3_Q9LQL2	ATFFGSYGYQPAYLNSTYSFTQSVISEYLSCMMSN
NPF2.12_Q9LFX9	EKSISPSGIRPIYLTLGSIMTTTIVCEFINFPFAN
NPF7.2_Q8GXN2	ATFFGSYGYQPAYLNSTYSFTQSVISEYLSCMISN
NPF2.13_Q8RX77	ERSILPSGIRPIYFTLGSLMTTTILCEIINFSFAS
NPF2.7_Q9M1E2	XTAWLPTGTRFAFTYGTLSIAMSTIGEFVTTSIGF
NPF5.2_Q9FNL7	ERYYSPTGTKPSMIFTTPSLAQTMIADELTSTLAN
NPF8.3_P46032	ERYYAPTGIKPSYINAGFSYAQTVVAEFLSALNAN
NPF6.3_Q05085	ERTLGCTGVKASFINSCFWHAQTLTGEYLTLLLAF
NPF4.6_Q8H157	ENYLAAVGIKGAVLAATLNLAQTIAADLLTSWLAY
NPF5.12_Q9C7U1	EKYFAPEGFKVRYISISFGFAQTIISDMQLYLIGN
NPF3.1_Q9SX20	EKVVHPSGIRPVYMGVGLIYAQTMIAESLTFWISN
NPF5.11_Q8RX67	ERYFAPQGYNPKMNCISYTHAQTVISDMQMNLYGN
NPF1.2_Q9M817	EKSYLPSGIRPLYSAVGMSTSQSLVAEATAFGMAS
NPF2.9_Q9M9V7	EKIVSTAGIRPLFFTQAFYYIQTMIADGMGYYIGS
NPF6.2_Q9SZY4	ERTMACTGLKSSFISTTFWYAQTILGEYLTFLLSF
NPF1.1_Q8LPL2	EKSYLPSGIRPLYSSVGMSVSQSLVAEGTAFGMAN
NPF2.11_Q9LV10	EKIILTAGIRPLFFTQSYYITQTMIAEAMGFYGGS
NPF2.3_Q9M175	LSSFVPAGTRFAFLYAIVSMVMSAIGEFITTSIGF
NPF5.10_Q0WP01	ERYYSPQGHKPQYMCTCYAFAQTIITDMQLYLFGN
NPF2.8_Q3E8X3	EKSMITAGVRPIYFTLGCFTDQILITEAMGFFSSS
NPF5.4_Q9M1I2	ERFYAPEGHKPMYIVSLFCLTQTIIGDIQAFIVGS
NPF5.16_Q9SK96	ERYFGPQGHKPQFLSISSTYAQTIVIDLQLSLMGS
NPF8.4_Q84WG0	ERYYAPTGIKPSYINAGFSHSQTVVAGFISALTTN
NPF8.5_Q93Z20	ERYYAPTGIKPSYINSGYSYSQTVIAEFVSALTAS
NPF5.13_Q0WSZ6	ERNYGPQSHKPQYMCITYAFAQTIVADLQLYLMGS
NPF4.3_Q93VV5	EIIAGASGVKPIYFSETFNLAQTLVSEAIMTYYSF
NPF5.14_Q8VZE2	ERYYGPQSHKPQYLSITYAYAQTIVADLQLYLLGS
NPF6.4_Q9LVE0	ERVMSGGGIKSSYISSNFWYSQTITGEYLTFLISF
NPF4.5_Q8VYE4	ENFLAAIGIKGPVLSATLNLAQTMAADLLTSWLAY
NPF4.1_Q9LSF0	ENFLSTVGVKGPFVCGTMNVAQTMLSDVLTGWTAF
NPF2.5_Q9M172	MSSFGPSATRFAFLYAVLSVAVSGIGEFVTTSIGF
NPF2.4_Q9M173	MSYFVPTATRFAFLYAVLSLAVSGIGEFITTSMGF
NPF2.2_Q9M174	XSSFVPSATRFAFLYAIVSMVTSAIXXXXXXSIGF
NPF5.7_Q9M331	ERYFSPTGHKPENLCITFGATQTIVADLQIYLLGS
NPF4.7_Q9FM20	ENFLAAVGIKGPILSATLNLAQTMAADLMTSWLAY
NPF5.1_Q8VZR7	ERFYAPAGTKPSMSFATPSWAQTMVGDALTFTIGN
NPF5.8_Q9LFR1	ERFKAPLGLNPQYVCSLFAFQQTIMSDVQFYTFGS
NPF1.3_Q9LYD5	EKYFVPAGVRSLYVMCGLSTACSFLAETNTSSMAS
NPF5.9_Q9SRI2	ERFKAPLGLNPQYVCSLFAFQLTIMSDVQFYTFGS
NPF5.5_O80436	XXXXXHIFRSIGNNFLSSGFSLTRRITYFVNVCGI
NPF5.6_P0CI03	ERYFAPTGHKPENLCITFGATQTLLADLQIYLIGS
NPF7.1_Q3E9B5	ATFFGSYGHQPAYLNATYSFTQSVTSEYLSCMMAN
NPF6.1_Q9LYR6	ERYFSSAAIRPSYVTATLSLTETILAEILSAAGGC
NPF5.15_Q9SK99	ERYFAPQGHKPQFLSIYSTYAQTIVIDMQLSLMGS
NPF2.14_Q9CAR9	ERTFMPTGIRSVYHTQSGFMNQTILYQITNLYLSS
NPF4.4_Q56XQ6	EMIAGSSGLKPIYFSQTFNLAQTLVSEAVTTYYSF
NPF5.3_Q9FNL8	ERYYSPTGTKPSMIFTTPSLAQTMIADELTTSMAY
NPF4.2_Q9LSE8	ENFIGTTGLKAPYICCTMSVAQTMISDLLTGWTAF
NPF2.6_Q9M1E1	LTTLLPAGLRFAFWYAILSIAMGTIGEFVTTSIGF
NPF2.1_Q9M171	XSSYVPTSTRVAFVNAIVGIGVSSLGDYVTTSFGF
